Item_Identifier,Outlet_Identifier,Item_Outlet_Sales
NCF31,OUT049,
FDD59,OUT046,
FDQ52,OUT049,
FDP09,OUT027,
FDK24,OUT035,
NCA18,OUT046,
NCE07,OUT045,
FDM45,OUT035,
FDQ32,OUT046,
FDI34,OUT035,
FDE14,OUT013,
DRF37,OUT017,
FDW44,OUT017,
FDC59,OUT049,
NCI29,OUT010,
FDV38,OUT018,
FDZ49,OUT013,
DRD49,OUT045,
FDA02,OUT046,
FDX20,OUT018,
FDS24,OUT013,
FDI58,OUT046,
FDQ60,OUT019,
FDJ27,OUT049,
FDV27,OUT017,
NCL41,OUT046,
NCP29,OUT046,
FDC45,OUT027,
FDN33,OUT013,
DRC01,OUT045,
FDL57,OUT045,
NCF42,OUT010,
FDG50,OUT046,
FDH22,OUT049,
FDO36,OUT049,
FDY04,OUT018,
FDZ09,OUT035,
FDH28,OUT049,
FDN32,OUT049,
DRJ37,OUT027,
FDE57,OUT017,
FDG05,OUT045,
FDI09,OUT018,
DRD12,OUT027,
FDD02,OUT010,
FDI36,OUT046,
DRK39,OUT049,
FDH44,OUT035,
FDS56,OUT049,
DRJ59,OUT045,
NCA30,OUT010,
FDF17,OUT045,
NCX18,OUT046,
NCO53,OUT018,
FDT23,OUT049,
NCJ19,OUT046,
FDI05,OUT017,
NCJ19,OUT010,
NCS29,OUT027,
NCC06,OUT013,
FDJ12,OUT017,
FDW48,OUT013,
FDX32,OUT017,
FDH02,OUT027,
FDD16,OUT046,
FDR09,OUT027,
FDB32,OUT018,
FDP11,OUT013,
FDG09,OUT049,
FDF21,OUT013,
NCJ19,OUT027,
FDY03,OUT010,
FDK58,OUT013,
FDC26,OUT049,
FDN15,OUT018,
DRH11,OUT027,
NCK17,OUT013,
DRC01,OUT046,
FDD03,OUT035,
NCY17,OUT049,
DRY23,OUT049,
FDT50,OUT035,
FDC38,OUT013,
NCN06,OUT010,
FDP56,OUT027,
FDW34,OUT045,
FDU07,OUT035,
NCO55,OUT018,
FDL16,OUT017,
FDT59,OUT045,
DRF01,OUT027,
NCS06,OUT045,
FDY13,OUT019,
DRF36,OUT010,
FDV10,OUT046,
FDE09,OUT010,
FDC20,OUT045,
FDI58,OUT017,
FDI56,OUT017,
NCI17,OUT018,
NCE19,OUT049,
FDA26,OUT019,
FDR01,OUT018,
FDC32,OUT027,
FDF11,OUT049,
FDH46,OUT046,
FDY33,OUT019,
DRG23,OUT046,
FDY04,OUT027,
FDE26,OUT045,
NCU42,OUT035,
NCO42,OUT035,
FDU25,OUT049,
FDW02,OUT027,
FDS22,OUT046,
FDG57,OUT035,
FDQ25,OUT018,
NCS06,OUT018,
FDC29,OUT027,
NCZ41,OUT035,
FDW23,OUT046,
FDB03,OUT049,
FDN25,OUT019,
NCN05,OUT046,
FDV43,OUT027,
FDG44,OUT049,
FDS12,OUT018,
FDI52,OUT013,
FDU12,OUT049,
FDG58,OUT035,
FDA16,OUT018,
NCD18,OUT035,
FDI21,OUT013,
FDW31,OUT017,
FDB35,OUT018,
FDK58,OUT027,
FDU14,OUT046,
NCP43,OUT018,
FDM20,OUT027,
FDT36,OUT027,
FDW19,OUT018,
FDB29,OUT049,
FDN39,OUT017,
FDI02,OUT046,
FDA46,OUT027,
FDV36,OUT017,
FDE35,OUT013,
FDT46,OUT035,
FDS21,OUT019,
DRD12,OUT017,
FDR14,OUT019,
FDG22,OUT027,
FDX58,OUT049,
FDB40,OUT027,
FDJ36,OUT010,
NCL53,OUT010,
NCX05,OUT045,
FDO21,OUT046,
NCF07,OUT018,
FDU20,OUT013,
FDK09,OUT010,
FDY57,OUT035,
FDD51,OUT027,
FDA49,OUT027,
FDG33,OUT046,
FDG35,OUT049,
FDC52,OUT045,
FDS34,OUT017,
NCY05,OUT049,
FDO46,OUT035,
FDY20,OUT049,
FDA13,OUT035,
FDS04,OUT013,
FDU51,OUT017,
FDK50,OUT018,
FDO60,OUT013,
FDM13,OUT017,
FDU12,OUT027,
NCG54,OUT018,
FDH40,OUT010,
NCI06,OUT019,
FDA58,OUT035,
FDJ02,OUT017,
FDP21,OUT018,
FDN57,OUT035,
FDV26,OUT027,
FDZ21,OUT049,
FDG21,OUT027,
FDF26,OUT018,
FDC39,OUT013,
FDQ24,OUT018,
FDC41,OUT017,
NCO14,OUT010,
FDE05,OUT027,
FDW52,OUT027,
FDL36,OUT027,
FDS04,OUT035,
NCC18,OUT049,
FDN01,OUT018,
FDY02,OUT010,
FDV15,OUT017,
FDC34,OUT045,
FDX10,OUT017,
NCF19,OUT013,
FDE17,OUT017,
FDJ08,OUT018,
NCN53,OUT013,
FDC16,OUT046,
FDO15,OUT018,
FDQ23,OUT027,
DRF37,OUT013,
FDN40,OUT035,
FDN24,OUT027,
FDF16,OUT017,
FDH27,OUT049,
FDY52,OUT017,
NCH55,OUT027,
NCH18,OUT035,
DRC01,OUT013,
NCO14,OUT035,
DRG39,OUT046,
DRK13,OUT013,
FDD41,OUT045,
FDQ19,OUT027,
FDX58,OUT010,
FDK40,OUT027,
FDI52,OUT017,
FDT28,OUT013,
FDH52,OUT017,
FDZ38,OUT046,
FDF12,OUT017,
NCE06,OUT027,
FDO45,OUT049,
NCS18,OUT045,
NCE54,OUT045,
FDB50,OUT045,
FDZ20,OUT045,
FDB11,OUT045,
FDU22,OUT013,
FDY48,OUT018,
NCP30,OUT035,
FDD08,OUT035,
NCG42,OUT049,
NCT30,OUT017,
FDT37,OUT013,
FDU04,OUT049,
NCH30,OUT046,
DRG37,OUT013,
FDS13,OUT046,
FDQ47,OUT018,
FDY26,OUT035,
FDB14,OUT018,
FDV45,OUT019,
FDR23,OUT018,
NCS29,OUT013,
FDK33,OUT027,
FDW24,OUT027,
FDR08,OUT017,
FDB45,OUT013,
FDW32,OUT013,
FDN21,OUT035,
FDH56,OUT035,
FDQ07,OUT049,
FDU58,OUT027,
FDK36,OUT013,
NCG18,OUT027,
FDQ26,OUT027,
DRL47,OUT027,
DRJ11,OUT017,
FDB41,OUT018,
NCA06,OUT046,
NCZ41,OUT045,
NCD54,OUT017,
FDM34,OUT027,
FDL57,OUT013,
NCD30,OUT013,
FDH17,OUT046,
FDD57,OUT035,
FDC58,OUT018,
FDX47,OUT046,
FDC50,OUT045,
NCS53,OUT027,
FDY13,OUT018,
FDP44,OUT035,
FDH60,OUT019,
FDR02,OUT010,
FDK48,OUT027,
FDO24,OUT010,
FDE20,OUT013,
FDM04,OUT046,
NCH07,OUT019,
DRP35,OUT046,
FDO11,OUT046,
NCM30,OUT046,
DRF27,OUT027,
NCR18,OUT027,
FDS48,OUT027,
FDO32,OUT049,
NCP05,OUT017,
FDF44,OUT027,
FDX56,OUT046,
FDE46,OUT027,
FDQ09,OUT027,
NCB54,OUT013,
NCV18,OUT035,
NCG55,OUT049,
FDV14,OUT035,
FDT31,OUT013,
DRD12,OUT045,
FDZ40,OUT018,
DRI11,OUT010,
FDP23,OUT045,
FDY02,OUT035,
FDM03,OUT046,
FDF35,OUT049,
DRM37,OUT017,
NCV41,OUT049,
NCK53,OUT027,
FDW23,OUT045,
FDW12,OUT013,
FDG44,OUT035,
FDJ36,OUT035,
FDX55,OUT046,
DRG13,OUT018,
NCD06,OUT013,
FDW22,OUT027,
FDD33,OUT045,
FDG24,OUT035,
FDE05,OUT046,
FDZ12,OUT046,
FDX37,OUT010,
FDE44,OUT035,
FDS52,OUT019,
FDO39,OUT018,
FDI32,OUT045,
FDV28,OUT017,
NCP53,OUT017,
NCN43,OUT049,
NCI31,OUT019,
FDK55,OUT045,
FDC17,OUT017,
FDV28,OUT035,
FDY26,OUT018,
NCU06,OUT049,
FDV16,OUT019,
FDY31,OUT045,
DRE37,OUT049,
FDH33,OUT035,
FDA46,OUT035,
FDP12,OUT035,
FDJ09,OUT049,
NCS54,OUT027,
FDJ33,OUT027,
FDF32,OUT010,
FDN24,OUT019,
FDX21,OUT035,
FDC57,OUT013,
NCZ06,OUT018,
FDY56,OUT013,
NCH07,OUT049,
FDS44,OUT018,
FDY33,OUT049,
FDZ48,OUT045,
FDY48,OUT045,
FDK16,OUT027,
FDT16,OUT046,
FDC26,OUT010,
DRJ47,OUT018,
FDQ04,OUT010,
FDN40,OUT046,
FDS39,OUT013,
FDC11,OUT018,
FDQ39,OUT010,
FDB33,OUT049,
FDU27,OUT010,
FDM44,OUT045,
FDT32,OUT035,
DRC13,OUT018,
NCO07,OUT046,
FDJ16,OUT018,
FDB22,OUT027,
NCS30,OUT045,
FDQ59,OUT027,
FDI38,OUT049,
FDR52,OUT035,
FDT15,OUT018,
FDR52,OUT019,
FDS60,OUT018,
FDK52,OUT018,
FDA04,OUT045,
NCQ53,OUT045,
FDN28,OUT018,
FDU12,OUT019,
FDT03,OUT045,
FDY57,OUT046,
FDH56,OUT013,
DRM23,OUT018,
FDZ07,OUT019,
FDK40,OUT045,
FDU04,OUT046,
DRL37,OUT017,
FDT26,OUT027,
FDT24,OUT045,
FDX57,OUT027,
FDA55,OUT019,
NCN05,OUT045,
FDR58,OUT045,
FDX47,OUT013,
NCH54,OUT018,
NCH42,OUT035,
FDH56,OUT045,
FDQ48,OUT018,
FDN20,OUT017,
FDA15,OUT013,
FDS48,OUT019,
FDW02,OUT018,
FDN03,OUT027,
FDF57,OUT017,
DRM37,OUT035,
NCD54,OUT046,
NCQ42,OUT027,
FDW49,OUT035,
DRI03,OUT013,
FDD14,OUT045,
FDN02,OUT046,
FDQ45,OUT027,
FDX56,OUT018,
FDE51,OUT019,
FDT47,OUT045,
FDM22,OUT035,
FDB27,OUT045,
FDE02,OUT027,
FDD38,OUT035,
FDF34,OUT017,
FDP15,OUT010,
NCI29,OUT017,
FDU27,OUT017,
NCD55,OUT027,
FDU37,OUT046,
FDA01,OUT017,
FDS13,OUT045,
FDK55,OUT018,
FDR36,OUT035,
DRK49,OUT049,
DRM23,OUT027,
FDH47,OUT010,
FDZ21,OUT018,
FDI57,OUT017,
FDK26,OUT019,
FDQ36,OUT035,
FDJ58,OUT019,
FDD45,OUT045,
FDG50,OUT045,
FDO36,OUT019,
NCW42,OUT018,
NCH18,OUT010,
FDY59,OUT027,
NCO42,OUT045,
FDM45,OUT017,
NCV29,OUT010,
FDT08,OUT027,
NCQ43,OUT019,
NCA54,OUT013,
FDW55,OUT035,
FDI10,OUT027,
NCS53,OUT019,
FDZ35,OUT027,
FDF10,OUT013,
FDO38,OUT017,
FDY45,OUT017,
FDC40,OUT018,
NCO54,OUT049,
FDQ14,OUT018,
FDM10,OUT013,
DRK23,OUT017,
NCR17,OUT013,
FDG31,OUT019,
FDH02,OUT045,
DRH37,OUT017,
DRC36,OUT017,
FDB56,OUT045,
NCK54,OUT045,
NCQ17,OUT013,
FDM13,OUT018,
FDT44,OUT018,
FDO28,OUT019,
NCK07,OUT017,
NCP05,OUT046,
FDX11,OUT046,
FDS52,OUT045,
FDB14,OUT045,
NCY06,OUT027,
FDS45,OUT017,
DRF23,OUT046,
FDD33,OUT027,
NCA53,OUT018,
FDC46,OUT035,
NCW41,OUT035,
FDZ39,OUT018,
FDE51,OUT017,
FDG32,OUT027,
NCK07,OUT045,
NCQ41,OUT035,
FDL36,OUT045,
FDQ26,OUT049,
FDR02,OUT017,
FDV59,OUT018,
FDZ33,OUT010,
NCT41,OUT045,
FDB17,OUT010,
FDN44,OUT046,
FDE45,OUT013,
FDG47,OUT017,
NCP02,OUT027,
FDW02,OUT046,
NCM53,OUT046,
FDD47,OUT013,
FDE28,OUT035,
FDV12,OUT018,
FDE36,OUT018,
FDU45,OUT046,
FDP28,OUT013,
FDH33,OUT045,
FDO44,OUT035,
FDR07,OUT019,
FDJ45,OUT035,
FDS59,OUT010,
FDU34,OUT013,
NCL06,OUT010,
FDR37,OUT010,
NCM53,OUT018,
DRG25,OUT035,
DRE25,OUT049,
FDZ45,OUT045,
NCV53,OUT010,
FDR55,OUT018,
FDS47,OUT027,
DRG27,OUT046,
FDA02,OUT049,
FDF45,OUT045,
FDZ58,OUT046,
NCH30,OUT049,
FDN03,OUT010,
FDH12,OUT049,
NCH54,OUT010,
DRH01,OUT045,
FDX01,OUT027,
FDD34,OUT017,
FDC53,OUT027,
FDO28,OUT013,
DRJ51,OUT017,
FDD14,OUT018,
FDW35,OUT018,
NCH18,OUT049,
FDK20,OUT017,
FDY47,OUT046,
FDG32,OUT013,
FDC20,OUT018,
NCS29,OUT035,
FDG53,OUT035,
FDV26,OUT046,
FDE40,OUT017,
FDM02,OUT046,
FDU11,OUT017,
FDB51,OUT035,
FDQ03,OUT045,
DRK35,OUT045,
FDZ32,OUT045,
FDU38,OUT013,
DRM11,OUT046,
FDS36,OUT013,
FDO52,OUT046,
FDA04,OUT049,
NCE31,OUT018,
FDC33,OUT035,
FDS33,OUT045,
NCJ05,OUT017,
FDN51,OUT017,
FDZ10,OUT019,
NCQ30,OUT017,
FDL09,OUT013,
FDU03,OUT035,
FDQ32,OUT019,
FDI38,OUT046,
FDE36,OUT049,
FDY02,OUT018,
NCA17,OUT045,
DRJ25,OUT049,
FDI26,OUT045,
FDT50,OUT045,
FDR02,OUT018,
NCY05,OUT017,
FDI50,OUT013,
FDW56,OUT018,
FDS32,OUT017,
FDT48,OUT018,
FDU57,OUT045,
FDL51,OUT013,
FDO52,OUT035,
FDS57,OUT019,
FDR22,OUT046,
FDB57,OUT013,
FDA04,OUT013,
FDM09,OUT010,
NCQ38,OUT019,
FDP52,OUT018,
DRK11,OUT019,
FDN40,OUT017,
FDV58,OUT049,
DRA59,OUT017,
FDE23,OUT045,
FDI08,OUT045,
FDE09,OUT019,
FDG09,OUT046,
FDS57,OUT013,
FDW15,OUT013,
FDH56,OUT049,
FDM36,OUT017,
NCQ38,OUT017,
DRE48,OUT027,
FDP33,OUT017,
FDI33,OUT046,
FDO16,OUT046,
FDW34,OUT017,
FDM22,OUT019,
NCO07,OUT018,
FDC44,OUT045,
DRB48,OUT049,
NCV29,OUT013,
FDE28,OUT013,
FDP49,OUT045,
FDX59,OUT045,
FDN60,OUT035,
DRC36,OUT035,
FDE02,OUT019,
NCU29,OUT027,
NCQ17,OUT010,
DRD12,OUT018,
FDV45,OUT013,
FDZ02,OUT027,
FDW26,OUT019,
FDN40,OUT013,
FDR19,OUT027,
FDD50,OUT035,
NCD18,OUT046,
FDA34,OUT013,
FDR33,OUT045,
FDD39,OUT046,
FDR13,OUT049,
FDA39,OUT027,
FDN01,OUT046,
FDU04,OUT035,
FDV10,OUT045,
NCB30,OUT045,
FDB38,OUT027,
FDB22,OUT045,
NCS30,OUT046,
FDK14,OUT045,
DRJ35,OUT046,
FDX19,OUT017,
FDX60,OUT018,
FDS01,OUT045,
NCT41,OUT035,
DRE27,OUT035,
FDY45,OUT049,
FDB56,OUT027,
FDS36,OUT046,
FDF59,OUT049,
FDD11,OUT035,
FDY40,OUT017,
FDA13,OUT019,
NCX42,OUT019,
FDJ46,OUT035,
FDH05,OUT046,
NCP50,OUT046,
FDF28,OUT027,
FDN60,OUT018,
FDD29,OUT013,
FDG58,OUT017,
FDV15,OUT027,
FDV04,OUT013,
DRJ23,OUT013,
FDA11,OUT027,
FDX16,OUT045,
NCA41,OUT049,
FDP36,OUT013,
FDK16,OUT035,
FDD34,OUT035,
FDI56,OUT010,
NCO18,OUT017,
FDB46,OUT035,
FDN38,OUT045,
FDW47,OUT045,
FDQ08,OUT019,
FDR44,OUT035,
DRH23,OUT045,
FDX01,OUT045,
FDB05,OUT027,
FDR08,OUT046,
FDZ36,OUT017,
FDI05,OUT046,
FDF24,OUT049,
FDZ48,OUT017,
DRL37,OUT027,
FDM10,OUT035,
FDP11,OUT019,
FDQ04,OUT049,
FDR49,OUT018,
FDD35,OUT027,
FDH41,OUT019,
FDO34,OUT045,
FDL45,OUT017,
NCC19,OUT013,
FDY10,OUT027,
NCV29,OUT049,
FDC22,OUT013,
NCP42,OUT045,
NCX17,OUT017,
NCO26,OUT049,
FDU45,OUT019,
FDR34,OUT049,
FDV35,OUT018,
FDS55,OUT027,
FDS28,OUT045,
FDK15,OUT035,
NCP17,OUT046,
NCE42,OUT018,
FDA14,OUT049,
FDF57,OUT019,
NCV54,OUT019,
FDR10,OUT010,
FDT58,OUT017,
FDC34,OUT019,
FDU44,OUT018,
FDY08,OUT010,
FDK20,OUT019,
FDV50,OUT017,
FDO25,OUT049,
FDR14,OUT027,
FDP27,OUT018,
FDB27,OUT035,
FDW26,OUT049,
NCQ50,OUT035,
NCL55,OUT035,
FDG28,OUT046,
FDO31,OUT027,
FDP27,OUT027,
FDR01,OUT017,
FDI08,OUT046,
DRE03,OUT049,
FDV26,OUT018,
DRM49,OUT013,
FDI15,OUT035,
FDM15,OUT045,
FDH47,OUT035,
NCT54,OUT013,
DRN11,OUT045,
FDU10,OUT018,
FDU50,OUT045,
FDS26,OUT010,
FDC14,OUT018,
FDB17,OUT027,
DRD25,OUT010,
DRI39,OUT027,
NCQ06,OUT049,
FDX11,OUT013,
NCT29,OUT019,
FDS07,OUT017,
NCQ05,OUT035,
FDC35,OUT018,
FDU47,OUT045,
FDE22,OUT010,
FDA03,OUT013,
FDY26,OUT010,
FDZ26,OUT049,
FDQ24,OUT013,
FDT14,OUT035,
FDX04,OUT045,
FDC48,OUT046,
FDC56,OUT035,
FDU19,OUT049,
FDT55,OUT049,
FDA45,OUT013,
FDR51,OUT017,
FDF56,OUT010,
FDK45,OUT013,
DRN37,OUT013,
NCN26,OUT035,
FDA19,OUT049,
NCR06,OUT035,
FDJ48,OUT010,
NCA05,OUT046,
FDP04,OUT046,
FDA47,OUT046,
FDI09,OUT045,
FDU24,OUT019,
FDI36,OUT018,
FDC11,OUT013,
FDY38,OUT049,
FDF56,OUT027,
FDB44,OUT027,
FDI15,OUT046,
FDY59,OUT035,
FDX34,OUT018,
FDC52,OUT019,
NCW29,OUT013,
FDS40,OUT027,
FDI40,OUT018,
FDN48,OUT035,
FDN46,OUT013,
FDB41,OUT035,
FDT55,OUT035,
FDI22,OUT027,
FDY16,OUT045,
FDN33,OUT049,
FDT57,OUT035,
FDZ31,OUT027,
DRM48,OUT049,
NCL19,OUT045,
FDG50,OUT013,
DRH25,OUT045,
FDB37,OUT027,
FDW59,OUT017,
NCR30,OUT049,
FDY22,OUT046,
FDB45,OUT019,
FDC08,OUT027,
NCK53,OUT010,
FDM27,OUT049,
FDG17,OUT018,
NCT17,OUT017,
FDZ14,OUT017,
FDJ28,OUT010,
FDV21,OUT018,
DRD24,OUT010,
DRF25,OUT049,
FDN22,OUT018,
FDV04,OUT010,
FDL34,OUT018,
FDX58,OUT035,
FDG12,OUT018,
NCL53,OUT045,
FDV47,OUT018,
FDA43,OUT027,
NCM17,OUT017,
NCQ02,OUT049,
FDN12,OUT017,
NCX06,OUT019,
FDE24,OUT045,
FDQ58,OUT018,
FDH31,OUT049,
NCH55,OUT018,
NCC54,OUT049,
NCT06,OUT019,
FDH56,OUT019,
FDY46,OUT017,
NCM19,OUT013,
FDB04,OUT027,
FDB09,OUT035,
FDK51,OUT027,
FDB33,OUT019,
FDU51,OUT035,
NCE30,OUT019,
DRI13,OUT018,
FDV32,OUT045,
DRH51,OUT049,
NCW18,OUT013,
FDI12,OUT049,
FDQ14,OUT035,
FDQ55,OUT027,
FDG26,OUT013,
NCW29,OUT019,
FDK27,OUT035,
DRL49,OUT035,
FDK26,OUT049,
FDT14,OUT027,
FDW19,OUT010,
FDF22,OUT017,
NCQ43,OUT049,
NCA42,OUT027,
FDG08,OUT019,
NCP17,OUT010,
FDS19,OUT046,
DRQ35,OUT018,
FDR25,OUT046,
NCB43,OUT013,
FDQ28,OUT017,
FDK24,OUT046,
NCN06,OUT035,
FDS08,OUT035,
FDP27,OUT013,
FDE11,OUT010,
NCX30,OUT046,
DRI51,OUT017,
FDH31,OUT019,
FDR19,OUT046,
FDJ04,OUT013,
FDP01,OUT017,
FDY35,OUT018,
DRC36,OUT013,
FDZ55,OUT017,
FDD11,OUT013,
NCJ29,OUT018,
FDI52,OUT035,
NCF06,OUT046,
FDG16,OUT046,
FDX07,OUT049,
FDR14,OUT046,
FDV36,OUT010,
NCP14,OUT018,
FDJ12,OUT013,
FDL46,OUT018,
FDL21,OUT045,
NCA30,OUT013,
NCN26,OUT013,
FDJ10,OUT035,
NCE18,OUT018,
FDW21,OUT013,
FDA55,OUT013,
NCX30,OUT027,
FDA20,OUT027,
FDT20,OUT013,
FDR11,OUT049,
FDU26,OUT018,
NCY54,OUT046,
FDP26,OUT046,
FDK58,OUT049,
NCK53,OUT046,
FDY52,OUT013,
NCU30,OUT045,
NCA18,OUT013,
FDX40,OUT017,
FDX13,OUT046,
FDK36,OUT027,
NCP55,OUT019,
FDO56,OUT019,
NCT06,OUT018,
FDX45,OUT019,
NCJ06,OUT013,
NCA41,OUT046,
NCB42,OUT027,
FDE29,OUT013,
FDU24,OUT013,
FDM58,OUT013,
FDE44,OUT046,
DRH39,OUT046,
FDU33,OUT019,
FDW08,OUT049,
NCT30,OUT010,
NCI54,OUT046,
FDS16,OUT045,
DRK39,OUT027,
FDP24,OUT010,
NCG18,OUT035,
DRI59,OUT027,
NCO06,OUT013,
FDR15,OUT017,
FDE29,OUT027,
FDN49,OUT035,
FDQ21,OUT013,
FDE17,OUT035,
NCI42,OUT018,
FDZ21,OUT017,
FDX48,OUT018,
FDH26,OUT045,
FDD50,OUT049,
FDL40,OUT010,
NCO02,OUT027,
FDF05,OUT013,
DRG25,OUT013,
NCA41,OUT017,
FDZ40,OUT045,
FDT15,OUT019,
FDP46,OUT035,
DRG01,OUT019,
FDR23,OUT013,
FDF09,OUT045,
FDK09,OUT027,
DRJ11,OUT035,
FDI32,OUT049,
NCG42,OUT018,
FDA51,OUT046,
FDG57,OUT010,
FDG34,OUT035,
NCI43,OUT017,
NCY53,OUT046,
FDC33,OUT013,
NCK29,OUT049,
FDS50,OUT017,
NCJ30,OUT045,
FDQ07,OUT027,
FDI20,OUT010,
NCM06,OUT027,
FDL15,OUT019,
NCL29,OUT010,
FDB32,OUT017,
FDJ16,OUT049,
FDJ32,OUT045,
FDO12,OUT035,
NCB18,OUT046,
FDO37,OUT027,
FDV13,OUT013,
FDF52,OUT010,
FDY11,OUT049,
FDL20,OUT017,
FDS45,OUT045,
DRJ13,OUT018,
FDR37,OUT049,
FDS23,OUT019,
FDX13,OUT018,
FDT49,OUT045,
FDY13,OUT049,
FDD47,OUT010,
FDF20,OUT010,
FDS32,OUT035,
FDJ44,OUT027,
NCY30,OUT013,
FDK33,OUT019,
FDO31,OUT046,
FDG10,OUT019,
DRI49,OUT018,
NCA05,OUT049,
FDZ13,OUT046,
DRI25,OUT017,
NCA29,OUT010,
FDX43,OUT010,
FDZ08,OUT049,
FDC58,OUT035,
NCD54,OUT027,
FDM24,OUT035,
FDS12,OUT035,
NCN55,OUT018,
NCP06,OUT046,
FDB41,OUT045,
FDJ16,OUT046,
NCB18,OUT019,
FDH38,OUT035,
FDE59,OUT010,
NCF30,OUT049,
FDE35,OUT027,
FDP49,OUT019,
NCQ05,OUT027,
FDP49,OUT013,
FDT12,OUT018,
NCM06,OUT010,
FDV23,OUT018,
FDA44,OUT049,
DRD27,OUT013,
NCK53,OUT013,
NCF19,OUT018,
NCY18,OUT049,
FDN56,OUT027,
NCI55,OUT049,
FDB28,OUT013,
NCA18,OUT045,
FDC46,OUT046,
NCZ42,OUT035,
DRA59,OUT027,
DRB25,OUT018,
FDE24,OUT027,
FDA57,OUT013,
FDZ46,OUT017,
FDX39,OUT010,
FDW35,OUT049,
FDZ55,OUT027,
FDI04,OUT013,
FDU46,OUT027,
FDE14,OUT049,
FDX23,OUT013,
NCN18,OUT035,
FDR02,OUT049,
FDH04,OUT046,
FDZ51,OUT010,
FDR15,OUT046,
NCQ30,OUT049,
FDW45,OUT049,
FDQ52,OUT035,
FDM01,OUT027,
FDE21,OUT045,
FDH28,OUT035,
FDQ56,OUT010,
DRM49,OUT049,
NCI29,OUT027,
FDW44,OUT045,
FDR10,OUT049,
FDO60,OUT035,
FDG08,OUT017,
FDP10,OUT045,
FDG45,OUT017,
DRM47,OUT018,
FDO40,OUT027,
DRE37,OUT018,
FDX13,OUT013,
FDE21,OUT027,
NCU53,OUT010,
NCH07,OUT010,
FDJ07,OUT017,
FDB46,OUT049,
DRL01,OUT035,
FDN57,OUT019,
FDO38,OUT027,
FDA45,OUT045,
FDP27,OUT019,
DRG36,OUT013,
DRL47,OUT046,
NCA05,OUT019,
FDL38,OUT013,
FDC32,OUT035,
NCI06,OUT045,
FDI05,OUT049,
FDR52,OUT017,
FDU26,OUT017,
FDG33,OUT017,
FDE38,OUT046,
FDI35,OUT035,
FDN23,OUT013,
NCP54,OUT035,
FDO39,OUT013,
NCT17,OUT013,
NCK30,OUT035,
FDM24,OUT027,
FDA35,OUT046,
NCM07,OUT013,
FDD09,OUT017,
FDW07,OUT017,
FDM27,OUT027,
NCY53,OUT018,
FDA10,OUT017,
DRB24,OUT035,
NCN53,OUT027,
FDA31,OUT045,
FDE24,OUT017,
FDA04,OUT018,
FDV26,OUT045,
FDF40,OUT027,
FDH34,OUT027,
FDO16,OUT010,
FDZ43,OUT046,
DRJ51,OUT049,
NCL07,OUT019,
FDU58,OUT035,
FDI26,OUT035,
FDG24,OUT017,
NCM19,OUT046,
NCO29,OUT049,
NCM05,OUT010,
NCE07,OUT046,
FDR10,OUT017,
FDO12,OUT049,
FDC17,OUT046,
FDF34,OUT010,
FDO22,OUT018,
FDT52,OUT035,
FDR24,OUT027,
FDP08,OUT046,
FDF39,OUT046,
NCQ06,OUT013,
FDR04,OUT013,
FDQ32,OUT035,
DRD15,OUT010,
FDB02,OUT018,
NCS18,OUT018,
NCS30,OUT010,
FDN15,OUT045,
NCL31,OUT017,
FDV31,OUT010,
FDF38,OUT013,
DRK59,OUT010,
DRJ24,OUT049,
FDW51,OUT027,
FDN49,OUT046,
FDE20,OUT017,
FDV38,OUT045,
FDH60,OUT017,
NCD55,OUT049,
FDU13,OUT017,
FDZ07,OUT049,
FDY13,OUT045,
FDP56,OUT045,
DRA59,OUT019,
FDY40,OUT013,
FDW40,OUT046,
NCW17,OUT035,
DRN37,OUT049,
FDZ19,OUT027,
FDW34,OUT013,
FDC28,OUT027,
FDB29,OUT017,
FDE26,OUT049,
FDG45,OUT035,
NCC18,OUT017,
NCU54,OUT018,
FDF26,OUT017,
FDX52,OUT035,
FDR04,OUT017,
NCP06,OUT017,
FDN25,OUT049,
NCH42,OUT018,
FDO46,OUT013,
NCG54,OUT046,
FDU07,OUT013,
DRJ11,OUT045,
FDH10,OUT049,
FDN56,OUT046,
FDY56,OUT019,
NCQ53,OUT013,
NCN54,OUT045,
NCC43,OUT049,
FDB35,OUT019,
FDX33,OUT013,
NCT06,OUT035,
FDM50,OUT018,
FDC37,OUT049,
NCT54,OUT018,
FDG34,OUT027,
NCW54,OUT046,
FDZ46,OUT018,
NCK19,OUT045,
NCQ05,OUT045,
NCE54,OUT035,
FDH17,OUT049,
FDB23,OUT019,
DRL49,OUT046,
FDT03,OUT046,
FDW59,OUT045,
NCB18,OUT045,
FDI22,OUT017,
FDZ50,OUT017,
FDS14,OUT017,
NCN19,OUT017,
FDG46,OUT045,
FDS04,OUT017,
FDM58,OUT049,
FDB60,OUT049,
FDH28,OUT018,
NCU53,OUT045,
FDL44,OUT013,
FDI22,OUT013,
DRM37,OUT019,
FDX40,OUT045,
DRG15,OUT035,
FDV19,OUT019,
DRF01,OUT013,
NCV54,OUT046,
FDO21,OUT018,
FDA40,OUT049,
FDE59,OUT049,
FDX47,OUT018,
FDW34,OUT046,
NCM30,OUT018,
FDA02,OUT013,
FDV19,OUT035,
FDT48,OUT013,
FDD09,OUT045,
FDZ25,OUT045,
NCE19,OUT035,
DRE25,OUT046,
FDC14,OUT027,
FDO15,OUT027,
FDC46,OUT017,
NCX42,OUT035,
FDK52,OUT027,
FDD04,OUT019,
FDF12,OUT046,
NCL41,OUT049,
NCW41,OUT046,
FDO60,OUT010,
FDZ55,OUT018,
FDZ59,OUT010,
FDO24,OUT027,
FDW14,OUT018,
FDD40,OUT013,
FDJ38,OUT049,
NCO54,OUT017,
FDJ10,OUT045,
FDK27,OUT017,
FDR09,OUT049,
FDO60,OUT018,
FDX50,OUT027,
FDR44,OUT027,
FDD17,OUT017,
FDI60,OUT018,
FDH31,OUT046,
FDL50,OUT017,
FDO21,OUT017,
FDW12,OUT046,
FDT15,OUT049,
FDV25,OUT049,
DRH13,OUT045,
FDG21,OUT049,
NCI55,OUT035,
NCO06,OUT027,
FDR27,OUT045,
FDA22,OUT027,
FDS03,OUT035,
FDZ12,OUT018,
FDJ20,OUT010,
FDV09,OUT013,
FDW09,OUT049,
FDS36,OUT049,
FDY19,OUT018,
DRC49,OUT046,
FDN12,OUT045,
FDJ03,OUT018,
FDC46,OUT049,
FDM02,OUT018,
FDV20,OUT013,
NCH07,OUT045,
FDL28,OUT019,
FDJ46,OUT027,
FDQ34,OUT013,
NCD42,OUT027,
FDO34,OUT018,
FDX60,OUT017,
FDZ28,OUT017,
FDT36,OUT013,
FDL24,OUT018,
FDJ58,OUT013,
FDY12,OUT018,
FDP58,OUT018,
FDC41,OUT027,
FDY07,OUT013,
FDN08,OUT017,
FDJ53,OUT027,
FDX04,OUT046,
FDZ19,OUT046,
FDB45,OUT046,
NCF54,OUT010,
FDX21,OUT045,
FDA50,OUT046,
DRH39,OUT017,
FDA38,OUT013,
NCP30,OUT013,
FDW19,OUT049,
FDF41,OUT027,
DRF23,OUT035,
NCP14,OUT017,
FDK44,OUT027,
DRA59,OUT018,
FDC28,OUT045,
NCO53,OUT049,
FDY55,OUT019,
NCS54,OUT045,
NCM07,OUT017,
FDQ19,OUT010,
FDS40,OUT013,
FDC14,OUT013,
FDR12,OUT018,
FDM60,OUT013,
FDG26,OUT049,
NCL55,OUT045,
FDO21,OUT035,
NCG18,OUT013,
FDA27,OUT046,
DRG03,OUT010,
FDC22,OUT046,
FDC21,OUT010,
FDN50,OUT018,
DRF27,OUT013,
FDW57,OUT017,
FDM34,OUT010,
FDZ39,OUT027,
FDU28,OUT019,
FDQ27,OUT046,
FDQ52,OUT017,
FDT51,OUT013,
NCI30,OUT045,
NCX29,OUT010,
FDX38,OUT019,
FDO08,OUT017,
FDM15,OUT018,
FDW22,OUT018,
FDT08,OUT017,
FDS32,OUT046,
NCI06,OUT018,
FDR21,OUT027,
FDD05,OUT046,
FDZ02,OUT045,
FDH47,OUT049,
FDM58,OUT017,
FDG09,OUT045,
FDO27,OUT049,
FDI41,OUT018,
FDK34,OUT035,
NCX54,OUT027,
FDL14,OUT049,
FDA13,OUT018,
FDS11,OUT019,
FDT43,OUT017,
FDR07,OUT018,
FDF41,OUT018,
DRM23,OUT049,
FDO52,OUT018,
FDD10,OUT045,
FDN38,OUT019,
FDE17,OUT046,
FDZ03,OUT018,
FDD03,OUT017,
NCW18,OUT027,
DRG36,OUT027,
FDT43,OUT010,
NCU17,OUT018,
FDH50,OUT046,
FDU57,OUT013,
FDA56,OUT027,
FDZ15,OUT017,
FDY51,OUT049,
DRF03,OUT046,
NCV06,OUT017,
FDA21,OUT013,
NCQ53,OUT027,
NCO29,OUT027,
FDT26,OUT018,
FDI21,OUT035,
NCI55,OUT013,
FDZ04,OUT010,
FDL27,OUT046,
FDS45,OUT035,
NCG43,OUT019,
FDU28,OUT018,
FDO20,OUT013,
NCG55,OUT013,
NCM42,OUT017,
NCG07,OUT018,
NCQ29,OUT019,
NCV05,OUT010,
NCO02,OUT018,
FDH19,OUT018,
DRG13,OUT017,
FDI57,OUT035,
FDX51,OUT045,
FDW33,OUT049,
DRE12,OUT013,
FDY31,OUT035,
FDR31,OUT049,
FDS55,OUT035,
DRL60,OUT035,
FDW55,OUT010,
FDT11,OUT010,
FDO50,OUT046,
FDD28,OUT049,
FDN28,OUT017,
FDS35,OUT018,
FDB38,OUT035,
FDT07,OUT018,
FDC53,OUT046,
NCT41,OUT046,
FDR40,OUT027,
FDH32,OUT018,
FDN60,OUT045,
FDR33,OUT035,
FDB59,OUT027,
FDS07,OUT046,
FDD02,OUT013,
FDH05,OUT035,
FDR04,OUT049,
DRJ47,OUT046,
FDW50,OUT018,
NCJ17,OUT018,
FDH60,OUT045,
DRL60,OUT045,
FDS32,OUT010,
FDM58,OUT027,
FDK10,OUT017,
NCS30,OUT035,
FDY15,OUT017,
FDC53,OUT013,
FDK45,OUT046,
FDH26,OUT018,
NCW06,OUT010,
FDV37,OUT013,
FDB52,OUT045,
FDF41,OUT046,
FDA39,OUT049,
FDE56,OUT035,
FDC56,OUT018,
FDT26,OUT045,
FDR21,OUT017,
FDC14,OUT046,
FDI32,OUT035,
FDI02,OUT035,
FDE22,OUT018,
FDW26,OUT046,
FDA36,OUT019,
NCS06,OUT027,
NCX05,OUT035,
FDU19,OUT035,
FDA49,OUT035,
NCZ42,OUT049,
FDX32,OUT010,
FDR01,OUT013,
FDQ15,OUT013,
FDQ14,OUT019,
FDS56,OUT035,
DRJ24,OUT018,
FDG52,OUT027,
FDF59,OUT017,
DRM49,OUT017,
NCP02,OUT013,
FDW13,OUT045,
FDV12,OUT017,
FDH14,OUT017,
FDQ20,OUT017,
FDT45,OUT013,
NCM26,OUT019,
FDJ22,OUT027,
FDD29,OUT017,
FDA13,OUT045,
FDV47,OUT035,
FDS57,OUT046,
DRG36,OUT035,
FDK38,OUT027,
DRJ49,OUT035,
FDR37,OUT035,
NCS53,OUT035,
FDR22,OUT018,
NCP42,OUT018,
FDK38,OUT010,
NCC43,OUT046,
FDH57,OUT049,
FDQ25,OUT035,
FDA11,OUT046,
FDG31,OUT049,
FDW28,OUT018,
FDV14,OUT049,
FDB60,OUT018,
FDU43,OUT027,
DRH11,OUT045,
FDC48,OUT019,
DRK39,OUT046,
FDB20,OUT049,
FDE51,OUT013,
FDX36,OUT013,
NCT29,OUT046,
FDU45,OUT049,
FDF56,OUT049,
FDW07,OUT010,
FDR52,OUT027,
FDB45,OUT018,
NCT42,OUT027,
FDP52,OUT046,
FDI50,OUT027,
FDU48,OUT017,
FDS43,OUT035,
NCM41,OUT013,
FDP37,OUT018,
FDJ44,OUT045,
FDY38,OUT019,
FDC20,OUT017,
FDF02,OUT017,
FDX38,OUT018,
FDN50,OUT027,
FDA07,OUT045,
FDT49,OUT027,
FDA09,OUT049,
FDV43,OUT017,
FDK58,OUT019,
FDL22,OUT013,
FDP56,OUT017,
DRL47,OUT049,
NCT17,OUT046,
FDR12,OUT017,
FDD39,OUT018,
FDG04,OUT018,
FDV19,OUT017,
FDS55,OUT019,
FDM50,OUT013,
DRF13,OUT046,
FDJ48,OUT013,
FDM20,OUT013,
FDP24,OUT045,
FDC16,OUT035,
NCB42,OUT017,
FDN01,OUT010,
FDT34,OUT045,
FDA52,OUT027,
NCC18,OUT010,
NCR41,OUT017,
FDX23,OUT017,
FDP39,OUT010,
NCH07,OUT035,
FDW47,OUT019,
DRD13,OUT035,
FDR48,OUT013,
FDE17,OUT010,
FDP60,OUT046,
FDD57,OUT017,
FDW13,OUT010,
FDN24,OUT045,
FDJ34,OUT017,
FDD46,OUT013,
FDF46,OUT019,
NCE43,OUT010,
FDN27,OUT035,
FDW52,OUT049,
DRH03,OUT046,
NCM29,OUT045,
FDR58,OUT049,
FDY50,OUT046,
FDE16,OUT017,
NCE31,OUT049,
FDE53,OUT045,
DRK11,OUT045,
DRH13,OUT013,
FDA11,OUT018,
DRL35,OUT027,
DRF36,OUT027,
FDI07,OUT017,
FDI32,OUT013,
DRL60,OUT018,
NCY17,OUT035,
DRH36,OUT019,
FDX02,OUT035,
FDG46,OUT049,
FDM60,OUT017,
FDJ22,OUT018,
FDU59,OUT013,
FDL38,OUT045,
FDZ23,OUT013,
FDX52,OUT018,
NCB42,OUT045,
NCU18,OUT017,
FDI32,OUT019,
DRZ11,OUT013,
NCL54,OUT017,
FDS19,OUT035,
DRB13,OUT049,
DRI51,OUT010,
FDS57,OUT027,
FDT39,OUT045,
FDH48,OUT010,
NCB18,OUT010,
FDR25,OUT027,
FDV21,OUT035,
DRH23,OUT049,
FDS52,OUT018,
NCC31,OUT010,
FDU03,OUT017,
FDG50,OUT049,
FDY31,OUT013,
FDX39,OUT027,
FDE46,OUT019,
NCN29,OUT045,
DRF13,OUT017,
FDT46,OUT019,
FDS58,OUT046,
FDX52,OUT019,
FDP27,OUT010,
FDX44,OUT049,
DRO35,OUT046,
FDC59,OUT045,
FDB12,OUT049,
FDU26,OUT035,
NCF30,OUT018,
FDX20,OUT013,
FDN02,OUT035,
DRC27,OUT010,
FDZ38,OUT019,
DRH25,OUT010,
FDK21,OUT046,
FDT01,OUT049,
FDZ09,OUT049,
DRL37,OUT018,
FDN49,OUT018,
FDC22,OUT045,
FDT33,OUT018,
NCB43,OUT018,
DRI25,OUT027,
FDD21,OUT046,
FDS23,OUT035,
FDS13,OUT010,
DRI03,OUT019,
FDU58,OUT045,
FDL09,OUT027,
FDS12,OUT010,
FDP03,OUT013,
FDI21,OUT027,
FDW45,OUT046,
NCA18,OUT010,
FDN32,OUT027,
FDR15,OUT027,
DRK11,OUT049,
DRG49,OUT018,
FDD29,OUT046,
FDE33,OUT010,
FDJ58,OUT010,
FDM46,OUT049,
FDD23,OUT035,
DRM35,OUT027,
DRC25,OUT018,
FDL36,OUT049,
FDD41,OUT013,
FDV19,OUT049,
FDR44,OUT049,
FDX50,OUT017,
DRC25,OUT045,
FDA15,OUT027,
FDX22,OUT046,
FDJ50,OUT045,
FDT13,OUT019,
FDN12,OUT013,
FDD58,OUT045,
FDM04,OUT013,
FDA23,OUT049,
FDW28,OUT010,
FDA45,OUT018,
NCO26,OUT045,
FDV26,OUT035,
FDC50,OUT027,
NCV05,OUT027,
FDW48,OUT018,
FDS55,OUT013,
FDX32,OUT045,
FDC53,OUT035,
FDG35,OUT018,
NCC30,OUT010,
NCZ17,OUT045,
FDZ56,OUT049,
NCS05,OUT013,
DRC25,OUT027,
FDW59,OUT046,
FDB36,OUT017,
FDT37,OUT045,
FDG47,OUT035,
FDM45,OUT045,
FDQ40,OUT027,
FDF34,OUT049,
FDP24,OUT017,
FDT55,OUT019,
FDH60,OUT046,
FDF57,OUT035,
NCX29,OUT046,
FDD34,OUT013,
FDQ15,OUT049,
FDL12,OUT035,
FDS22,OUT013,
NCM29,OUT018,
FDO24,OUT049,
NCJ43,OUT046,
FDA37,OUT046,
NCM07,OUT018,
FDT49,OUT035,
FDP23,OUT035,
DRF51,OUT018,
NCZ41,OUT017,
DRJ11,OUT049,
FDP37,OUT017,
FDT60,OUT019,
FDA09,OUT035,
FDJ46,OUT046,
FDO48,OUT013,
FDS59,OUT018,
FDH44,OUT046,
NCM05,OUT035,
NCU06,OUT019,
FDV13,OUT049,
FDA23,OUT013,
FDJ60,OUT017,
FDN13,OUT049,
DRF49,OUT035,
FDK20,OUT018,
FDB27,OUT027,
NCS18,OUT046,
FDZ49,OUT027,
FDN32,OUT035,
FDO37,OUT049,
NCD31,OUT018,
NCV30,OUT027,
FDY49,OUT049,
FDM10,OUT027,
FDT11,OUT046,
FDD39,OUT013,
NCL31,OUT035,
FDZ47,OUT035,
NCU18,OUT019,
FDJ58,OUT027,
FDX12,OUT010,
FDV60,OUT018,
NCB19,OUT027,
FDH45,OUT019,
FDB03,OUT013,
FDI27,OUT017,
FDN22,OUT017,
FDQ37,OUT035,
FDM02,OUT035,
FDW38,OUT046,
FDP34,OUT019,
FDY55,OUT046,
FDL34,OUT013,
FDA09,OUT018,
FDM51,OUT017,
FDI34,OUT018,
NCD31,OUT017,
FDW33,OUT035,
NCP05,OUT035,
FDL56,OUT013,
FDN01,OUT027,
FDA25,OUT045,
FDF08,OUT010,
FDH08,OUT035,
DRH03,OUT049,
FDQ31,OUT018,
FDO10,OUT017,
FDT39,OUT049,
FDM22,OUT027,
FDR21,OUT010,
FDQ01,OUT017,
FDZ03,OUT049,
NCK05,OUT018,
FDW55,OUT013,
FDF47,OUT049,
DRO59,OUT019,
NCM55,OUT046,
FDY31,OUT017,
FDJ57,OUT019,
FDV51,OUT018,
DRG36,OUT046,
DRF13,OUT013,
NCJ54,OUT045,
NCP42,OUT049,
NCF30,OUT035,
FDY44,OUT027,
FDX09,OUT049,
NCU30,OUT017,
FDU49,OUT049,
FDC48,OUT017,
FDJ21,OUT013,
NCX41,OUT049,
FDT36,OUT046,
FDK28,OUT027,
DRI49,OUT035,
NCM54,OUT019,
FDD48,OUT018,
NCF30,OUT010,
FDX03,OUT049,
FDZ33,OUT013,
FDB39,OUT019,
DRM11,OUT018,
DRE48,OUT017,
NCL31,OUT045,
FDB11,OUT017,
FDX14,OUT049,
NCM29,OUT027,
FDH47,OUT045,
FDG09,OUT013,
FDP25,OUT049,
FDY27,OUT027,
DRM59,OUT017,
DRI03,OUT018,
FDY03,OUT019,
NCV17,OUT049,
NCJ17,OUT013,
NCP54,OUT017,
FDZ15,OUT049,
NCR05,OUT018,
FDX03,OUT019,
FDQ12,OUT045,
FDC21,OUT013,
FDQ40,OUT018,
FDI07,OUT027,
FDQ25,OUT049,
NCK18,OUT035,
DRI25,OUT010,
DRA24,OUT049,
FDA32,OUT045,
FDE59,OUT018,
FDY59,OUT046,
FDQ20,OUT045,
FDB21,OUT018,
FDB41,OUT019,
DRG11,OUT013,
FDV10,OUT019,
FDI41,OUT013,
FDN10,OUT017,
NCM17,OUT018,
DRG37,OUT019,
FDA21,OUT045,
FDM27,OUT013,
FDA32,OUT049,
NCZ53,OUT049,
FDW40,OUT035,
FDS52,OUT035,
FDM58,OUT010,
NCE54,OUT019,
FDS11,OUT035,
FDL20,OUT049,
FDX13,OUT027,
FDR21,OUT013,
FDV28,OUT018,
FDZ51,OUT017,
FDD46,OUT045,
FDE23,OUT018,
NCF55,OUT045,
FDU12,OUT013,
FDZ22,OUT049,
FDI44,OUT013,
FDH50,OUT017,
FDE57,OUT049,
DRJ51,OUT013,
FDX52,OUT045,
DRN47,OUT017,
FDT21,OUT049,
FDY21,OUT045,
FDG21,OUT019,
FDS58,OUT035,
FDA26,OUT018,
FDY16,OUT027,
FDF20,OUT046,
FDI15,OUT013,
FDC47,OUT010,
FDL08,OUT035,
FDF08,OUT013,
FDN03,OUT035,
FDG34,OUT017,
FDA56,OUT045,
NCI17,OUT027,
NCO17,OUT049,
FDK55,OUT017,
FDD10,OUT017,
NCH18,OUT013,
NCA53,OUT045,
DRJ24,OUT010,
DRN35,OUT013,
FDC47,OUT018,
FDN48,OUT018,
FDR27,OUT027,
FDS33,OUT019,
DRL11,OUT035,
FDQ21,OUT017,
FDY37,OUT046,
FDS35,OUT013,
DRD60,OUT046,
DRP47,OUT046,
NCY41,OUT027,
FDR59,OUT049,
FDM36,OUT019,
NCI42,OUT027,
FDA31,OUT017,
FDY33,OUT035,
FDV40,OUT045,
NCW17,OUT018,
FDN38,OUT013,
FDQ11,OUT019,
FDG34,OUT045,
NCN14,OUT049,
FDY46,OUT027,
FDS11,OUT017,
NCA53,OUT019,
NCN30,OUT010,
FDW32,OUT046,
NCR42,OUT010,
FDU33,OUT035,
FDN15,OUT019,
FDD51,OUT019,
FDF14,OUT045,
NCN19,OUT019,
NCO43,OUT013,
FDT19,OUT049,
DRK12,OUT013,
DRM49,OUT045,
FDX43,OUT017,
FDS14,OUT035,
NCK07,OUT049,
FDO19,OUT017,
FDH32,OUT013,
NCZ41,OUT018,
FDL32,OUT010,
FDC44,OUT017,
FDQ59,OUT013,
NCO54,OUT013,
DRH36,OUT046,
FDY35,OUT035,
FDA46,OUT017,
NCL18,OUT035,
FDL57,OUT049,
NCP50,OUT018,
FDZ25,OUT019,
FDH24,OUT046,
FDQ26,OUT017,
NCK17,OUT019,
FDO46,OUT027,
FDW50,OUT035,
FDD29,OUT049,
FDU26,OUT019,
FDX04,OUT027,
FDH31,OUT027,
FDJ45,OUT019,
FDX55,OUT035,
FDR02,OUT046,
NCP55,OUT045,
FDT28,OUT017,
NCJ06,OUT017,
FDF08,OUT018,
FDT21,OUT017,
FDK22,OUT027,
DRJ11,OUT013,
FDH27,OUT010,
FDU52,OUT019,
FDK50,OUT017,
DRJ01,OUT045,
FDC21,OUT018,
FDX39,OUT046,
NCY54,OUT027,
FDD58,OUT019,
FDW12,OUT045,
DRE01,OUT010,
FDT16,OUT049,
FDC16,OUT017,
FDK52,OUT049,
FDS23,OUT046,
FDI41,OUT035,
FDG33,OUT018,
NCM31,OUT018,
NCY53,OUT027,
FDY55,OUT049,
FDQ21,OUT045,
NCD18,OUT027,
FDV09,OUT017,
FDI19,OUT010,
FDY47,OUT049,
DRH37,OUT049,
NCL19,OUT046,
DRI11,OUT035,
NCC19,OUT046,
FDS01,OUT018,
FDX31,OUT017,
NCL55,OUT046,
FDW16,OUT013,
FDT49,OUT046,
FDW13,OUT013,
NCG30,OUT019,
FDC14,OUT049,
FDS15,OUT010,
FDS32,OUT049,
FDE09,OUT049,
FDM12,OUT017,
FDT57,OUT049,
FDM32,OUT046,
NCS38,OUT027,
NCW30,OUT017,
FDD21,OUT017,
FDH35,OUT049,
NCX17,OUT045,
NCI29,OUT035,
FDL24,OUT049,
FDI46,OUT046,
DRQ35,OUT035,
FDM04,OUT017,
NCJ17,OUT045,
NCJ18,OUT027,
DRF13,OUT045,
FDB39,OUT035,
FDT52,OUT018,
FDT60,OUT046,
FDM34,OUT046,
FDY27,OUT013,
FDP08,OUT045,
FDP59,OUT027,
FDQ11,OUT018,
FDV01,OUT010,
FDX31,OUT013,
NCX54,OUT010,
DRC12,OUT035,
FDU11,OUT027,
NCB30,OUT046,
FDS27,OUT045,
FDX16,OUT018,
NCL53,OUT013,
NCZ30,OUT045,
FDB15,OUT017,
FDY51,OUT027,
NCT18,OUT017,
FDL32,OUT019,
FDK46,OUT018,
FDI22,OUT019,
FDF21,OUT045,
FDR34,OUT017,
FDJ50,OUT049,
FDC34,OUT049,
FDW51,OUT018,
FDR28,OUT035,
FDV60,OUT019,
FDI45,OUT017,
NCB30,OUT019,
DRO59,OUT017,
FDU12,OUT035,
NCX18,OUT010,
NCH30,OUT027,
FDE11,OUT019,
FDE32,OUT017,
FDP25,OUT010,
NCM29,OUT035,
FDQ21,OUT049,
FDN24,OUT046,
DRY23,OUT017,
FDW04,OUT027,
FDM01,OUT018,
NCW29,OUT017,
FDG33,OUT013,
FDV51,OUT017,
NCQ18,OUT017,
NCL53,OUT018,
FDQ39,OUT013,
FDF46,OUT017,
NCA06,OUT049,
FDV26,OUT019,
FDJ04,OUT035,
FDE28,OUT010,
NCZ29,OUT013,
FDW43,OUT046,
FDZ49,OUT049,
NCJ05,OUT035,
NCP29,OUT027,
FDS16,OUT018,
FDZ45,OUT049,
NCP29,OUT010,
FDZ58,OUT027,
FDV55,OUT027,
NCV53,OUT046,
FDV47,OUT019,
FDD45,OUT018,
FDP26,OUT019,
DRD37,OUT049,
FDT09,OUT019,
FDM03,OUT027,
FDW09,OUT017,
FDX10,OUT046,
FDZ60,OUT049,
FDM58,OUT046,
FDV32,OUT035,
FDU07,OUT019,
FDS51,OUT027,
NCT17,OUT045,
FDA01,OUT010,
FDW25,OUT046,
FDS01,OUT017,
NCV18,OUT045,
FDZ04,OUT045,
DRN59,OUT017,
FDD36,OUT049,
FDT56,OUT018,
FDP09,OUT019,
FDA33,OUT017,
FDH14,OUT019,
NCF18,OUT027,
FDF59,OUT035,
FDC29,OUT013,
FDD32,OUT017,
FDZ08,OUT010,
FDT21,OUT027,
FDM33,OUT046,
NCK07,OUT035,
NCL41,OUT018,
FDZ36,OUT046,
FDW51,OUT049,
FDS47,OUT013,
FDV02,OUT045,
NCU18,OUT018,
NCX17,OUT018,
FDI12,OUT046,
DRH51,OUT013,
NCP30,OUT027,
FDG08,OUT049,
FDX35,OUT046,
FDY26,OUT027,
NCM43,OUT019,
NCZ54,OUT019,
FDO16,OUT045,
FDR22,OUT010,
FDJ16,OUT017,
FDT47,OUT049,
FDZ23,OUT027,
NCB31,OUT046,
FDM15,OUT046,
FDX27,OUT013,
NCS54,OUT018,
NCJ30,OUT049,
FDD58,OUT013,
DRJ23,OUT045,
FDS14,OUT045,
FDR27,OUT013,
FDT49,OUT018,
FDX26,OUT027,
NCW53,OUT017,
FDS19,OUT045,
DRF15,OUT046,
DRH01,OUT027,
FDJ12,OUT045,
NCE42,OUT027,
DRL37,OUT045,
FDJ36,OUT045,
NCH18,OUT027,
DRI11,OUT018,
NCO17,OUT018,
FDS49,OUT018,
FDX43,OUT045,
NCS17,OUT013,
NCC42,OUT049,
NCM26,OUT045,
FDU32,OUT046,
FDU19,OUT018,
NCM53,OUT017,
FDG32,OUT045,
FDF04,OUT018,
NCN55,OUT035,
FDJ34,OUT046,
FDT51,OUT010,
FDT01,OUT046,
FDV28,OUT027,
FDD02,OUT045,
FDW48,OUT045,
FDF44,OUT049,
FDY14,OUT049,
FDU59,OUT027,
FDQ10,OUT019,
FDV21,OUT010,
FDQ36,OUT049,
FDH12,OUT019,
FDV40,OUT017,
NCF07,OUT046,
FDA08,OUT027,
FDP33,OUT019,
FDS27,OUT046,
DRD60,OUT013,
FDM28,OUT049,
NCU54,OUT035,
NCX05,OUT018,
FDX59,OUT046,
FDE10,OUT049,
FDW16,OUT027,
FDW07,OUT027,
FDG38,OUT018,
DRC27,OUT018,
FDT43,OUT035,
FDR44,OUT017,
FDP26,OUT017,
NCE55,OUT027,
FDU39,OUT035,
FDK27,OUT027,
FDP32,OUT046,
NCW54,OUT049,
FDA36,OUT013,
FDU24,OUT049,
FDX34,OUT046,
FDU27,OUT013,
FDQ25,OUT010,
FDY01,OUT018,
FDH27,OUT013,
FDL10,OUT017,
FDL15,OUT018,
FDT24,OUT010,
NCN55,OUT045,
FDZ59,OUT027,
FDM57,OUT035,
FDD14,OUT049,
FDU19,OUT013,
DRJ39,OUT045,
FDI04,OUT046,
NCQ54,OUT045,
FDW12,OUT017,
FDQ32,OUT027,
DRG49,OUT017,
FDP58,OUT049,
FDD57,OUT049,
DRG23,OUT035,
NCZ17,OUT017,
DRJ11,OUT018,
FDG16,OUT045,
FDZ51,OUT027,
NCN43,OUT046,
NCN30,OUT046,
FDP39,OUT027,
FDP34,OUT049,
FDM44,OUT010,
FDC28,OUT017,
DRC24,OUT018,
FDN46,OUT045,
NCN53,OUT035,
FDY32,OUT019,
NCW06,OUT017,
FDY48,OUT013,
NCP29,OUT013,
FDB60,OUT010,
DRE60,OUT035,
FDN51,OUT045,
DRE15,OUT027,
DRG15,OUT013,
FDX55,OUT019,
FDC57,OUT018,
FDA25,OUT017,
NCK29,OUT035,
FDP48,OUT046,
FDP49,OUT027,
FDL38,OUT010,
FDZ21,OUT035,
FDQ44,OUT017,
NCB42,OUT013,
FDY15,OUT027,
NCW05,OUT049,
FDR23,OUT049,
FDO34,OUT013,
FDZ36,OUT035,
FDX58,OUT027,
NCJ18,OUT046,
FDP22,OUT017,
FDH57,OUT010,
DRF51,OUT045,
FDD51,OUT035,
FDW04,OUT045,
FDZ21,OUT010,
NCJ30,OUT027,
FDO45,OUT046,
FDE41,OUT049,
DRD13,OUT027,
NCC07,OUT035,
FDE51,OUT027,
NCG43,OUT013,
FDS59,OUT027,
FDV16,OUT018,
FDC03,OUT035,
FDV60,OUT013,
FDJ60,OUT049,
FDX20,OUT045,
FDD17,OUT035,
FDD08,OUT017,
FDX45,OUT045,
FDM25,OUT018,
NCT42,OUT046,
FDT02,OUT046,
FDV34,OUT013,
NCR41,OUT046,
FDT31,OUT018,
FDF33,OUT010,
NCU29,OUT019,
NCB55,OUT045,
NCU18,OUT013,
FDZ59,OUT018,
NCI29,OUT045,
FDL03,OUT027,
NCQ06,OUT045,
FDY31,OUT049,
DRI03,OUT049,
FDL38,OUT018,
FDR37,OUT027,
FDT59,OUT027,
FDV28,OUT046,
NCX53,OUT013,
FDZ12,OUT013,
NCT05,OUT046,
FDW38,OUT035,
FDD33,OUT013,
FDV39,OUT019,
DRE25,OUT017,
FDC59,OUT010,
FDF58,OUT046,
NCP50,OUT019,
FDS33,OUT013,
FDP08,OUT049,
FDF29,OUT035,
NCF30,OUT046,
FDI50,OUT045,
FDD56,OUT017,
NCN41,OUT010,
FDE23,OUT017,
FDL26,OUT049,
NCB30,OUT010,
FDY50,OUT017,
NCK19,OUT018,
NCR38,OUT019,
FDI28,OUT046,
FDO24,OUT046,
FDC45,OUT045,
FDU27,OUT049,
FDS09,OUT017,
DRE13,OUT027,
FDV15,OUT018,
FDH26,OUT013,
FDI22,OUT035,
FDJ26,OUT018,
FDD26,OUT019,
NCI55,OUT027,
FDA35,OUT027,
FDN21,OUT018,
NCM43,OUT010,
FDD09,OUT018,
FDI24,OUT045,
NCN41,OUT019,
NCT53,OUT019,
FDQ47,OUT010,
NCD42,OUT018,
FDI21,OUT010,
FDS48,OUT010,
FDW50,OUT017,
FDO37,OUT018,
FDS04,OUT018,
FDP38,OUT010,
NCF06,OUT010,
FDR35,OUT018,
FDB04,OUT013,
FDK16,OUT045,
FDM57,OUT017,
FDF45,OUT049,
FDH04,OUT018,
FDL25,OUT018,
FDK40,OUT049,
FDV46,OUT046,
FDU31,OUT045,
NCQ53,OUT049,
FDD09,OUT027,
FDY19,OUT045,
FDI33,OUT013,
FDG08,OUT013,
FDE39,OUT035,
FDH53,OUT018,
FDB09,OUT018,
FDI22,OUT046,
FDX24,OUT019,
FDE09,OUT045,
FDJ57,OUT046,
DRC49,OUT035,
FDU19,OUT045,
FDU43,OUT013,
FDA50,OUT013,
NCM29,OUT017,
FDQ13,OUT013,
FDB26,OUT027,
FDI21,OUT045,
FDV25,OUT019,
FDQ23,OUT013,
FDJ41,OUT010,
NCO42,OUT049,
FDQ13,OUT027,
FDU47,OUT010,
FDW57,OUT046,
DRN47,OUT046,
FDW28,OUT027,
NCN42,OUT013,
FDR60,OUT027,
FDO09,OUT019,
FDX45,OUT046,
FDH27,OUT045,
FDO08,OUT035,
FDG10,OUT018,
FDZ40,OUT049,
FDZ27,OUT017,
FDZ46,OUT049,
FDI46,OUT018,
NCW53,OUT049,
FDY52,OUT049,
FDU07,OUT049,
NCQ05,OUT017,
FDT16,OUT018,
NCJ17,OUT017,
NCY29,OUT035,
NCQ18,OUT035,
FDS02,OUT049,
NCK31,OUT018,
FDH60,OUT027,
FDO19,OUT046,
DRF37,OUT035,
FDN21,OUT013,
FDM14,OUT035,
FDO08,OUT018,
FDS27,OUT017,
DRM59,OUT049,
NCO29,OUT017,
FDC32,OUT019,
DRA12,OUT018,
FDI14,OUT027,
DRG51,OUT046,
FDR33,OUT019,
FDS23,OUT017,
NCF43,OUT045,
DRN37,OUT035,
FDX57,OUT017,
NCC42,OUT045,
FDS47,OUT046,
DRK35,OUT010,
DRF37,OUT019,
DRI23,OUT018,
FDB28,OUT017,
FDU50,OUT049,
FDD22,OUT018,
FDG04,OUT035,
FDM08,OUT049,
FDI28,OUT027,
FDM57,OUT045,
NCS17,OUT027,
FDX44,OUT018,
DRE03,OUT045,
FDT46,OUT018,
FDW60,OUT045,
FDE44,OUT017,
FDT24,OUT035,
FDO20,OUT017,
FDV47,OUT049,
FDZ26,OUT013,
FDK48,OUT017,
FDX32,OUT019,
FDE56,OUT019,
DRJ01,OUT018,
FDC53,OUT010,
NCN07,OUT035,
FDI28,OUT013,
NCO55,OUT019,
FDP46,OUT046,
FDX26,OUT013,
FDD56,OUT046,
FDP12,OUT017,
FDT40,OUT027,
FDV57,OUT018,
FDZ09,OUT017,
FDA07,OUT035,
FDV36,OUT027,
FDQ01,OUT035,
FDW46,OUT013,
FDW19,OUT027,
FDY01,OUT049,
FDG60,OUT049,
FDL22,OUT049,
DRK01,OUT045,
FDO12,OUT013,
FDX12,OUT046,
FDR28,OUT049,
FDH57,OUT017,
FDC04,OUT018,
NCI06,OUT013,
NCY53,OUT017,
FDR22,OUT017,
FDM33,OUT013,
FDO57,OUT019,
FDO56,OUT018,
FDO58,OUT027,
FDQ45,OUT035,
FDO60,OUT027,
FDI34,OUT049,
FDJ26,OUT027,
FDV08,OUT013,
DRD60,OUT018,
FDX20,OUT027,
FDG59,OUT018,
FDN58,OUT046,
FDV48,OUT013,
FDA15,OUT017,
FDI19,OUT013,
FDX19,OUT018,
FDO52,OUT049,
NCO05,OUT045,
NCP17,OUT049,
FDK56,OUT010,
NCG43,OUT046,
DRM59,OUT027,
FDA47,OUT017,
FDY20,OUT013,
FDZ22,OUT019,
FDB52,OUT013,
NCS29,OUT017,
DRC12,OUT049,
FDP13,OUT019,
DRF23,OUT018,
FDB56,OUT013,
FDQ47,OUT017,
FDY39,OUT027,
FDY36,OUT045,
NCM17,OUT013,
DRN35,OUT035,
FDK22,OUT010,
FDI07,OUT019,
DRK37,OUT010,
NCP05,OUT010,
NCD42,OUT049,
FDW11,OUT049,
FDI14,OUT017,
NCY42,OUT049,
FDV26,OUT049,
FDX15,OUT027,
NCG07,OUT046,
FDC44,OUT046,
FDC47,OUT035,
NCK53,OUT049,
FDY49,OUT019,
NCM07,OUT019,
FDR47,OUT017,
FDS59,OUT035,
DRK47,OUT049,
FDZ27,OUT019,
FDE36,OUT027,
FDM51,OUT035,
FDY48,OUT046,
FDA35,OUT049,
NCL31,OUT018,
FDC47,OUT013,
FDI26,OUT027,
FDQ16,OUT045,
FDK15,OUT010,
NCO53,OUT027,
FDG12,OUT027,
FDU28,OUT027,
FDI20,OUT019,
DRN37,OUT010,
FDD28,OUT046,
FDP31,OUT035,
DRD27,OUT019,
DRF01,OUT019,
DRD25,OUT018,
FDD53,OUT017,
FDQ24,OUT045,
FDY49,OUT017,
NCP18,OUT046,
FDT07,OUT027,
FDG46,OUT010,
FDH50,OUT018,
FDS40,OUT019,
FDZ60,OUT027,
FDG38,OUT045,
FDG31,OUT035,
FDS39,OUT017,
FDL22,OUT027,
FDQ20,OUT035,
DRB24,OUT017,
DRI51,OUT027,
FDJ60,OUT035,
FDB40,OUT010,
FDO15,OUT017,
FDI53,OUT035,
FDZ14,OUT046,
NCD54,OUT019,
FDF28,OUT046,
FDD39,OUT017,
NCN54,OUT046,
NCO41,OUT017,
FDH45,OUT046,
NCD55,OUT010,
DRK35,OUT017,
FDM25,OUT017,
NCW30,OUT035,
FDU15,OUT045,
DRN35,OUT046,
FDN28,OUT049,
NCK29,OUT010,
FDA49,OUT049,
FDE40,OUT019,
FDD52,OUT049,
FDZ31,OUT018,
FDA13,OUT027,
FDU08,OUT013,
FDU15,OUT046,
FDD45,OUT035,
FDY50,OUT045,
FDD08,OUT049,
NCE30,OUT045,
FDB05,OUT049,
FDS09,OUT045,
FDZ07,OUT018,
FDS57,OUT035,
FDX28,OUT018,
FDN56,OUT019,
FDX44,OUT035,
NCF19,OUT027,
NCA17,OUT018,
FDY40,OUT046,
NCX54,OUT035,
FDK28,OUT046,
FDI32,OUT027,
FDT11,OUT018,
FDO32,OUT017,
DRJ01,OUT027,
FDW02,OUT045,
NCK30,OUT013,
NCM43,OUT013,
FDJ14,OUT046,
FDE59,OUT035,
FDN10,OUT045,
NCC18,OUT046,
FDN34,OUT019,
FDU12,OUT018,
FDR33,OUT046,
FDP33,OUT013,
FDT49,OUT013,
FDK02,OUT035,
NCM07,OUT046,
FDX38,OUT046,
FDS56,OUT010,
FDU26,OUT049,
FDR16,OUT049,
FDA58,OUT046,
FDI26,OUT018,
FDU36,OUT035,
FDG60,OUT035,
FDH14,OUT010,
FDQ37,OUT027,
FDW23,OUT013,
FDM03,OUT017,
FDB58,OUT013,
FDR09,OUT013,
FDR48,OUT018,
FDZ52,OUT046,
DRD60,OUT049,
FDJ14,OUT013,
NCY29,OUT046,
NCP41,OUT013,
FDK46,OUT045,
FDI48,OUT013,
FDX48,OUT019,
NCI29,OUT049,
FDL51,OUT046,
FDU21,OUT017,
FDA08,OUT019,
FDK03,OUT018,
DRH39,OUT049,
NCR18,OUT018,
NCX42,OUT046,
FDR15,OUT049,
FDN60,OUT019,
FDH24,OUT017,
FDY50,OUT027,
FDT26,OUT049,
NCC30,OUT035,
NCE43,OUT046,
DRK39,OUT017,
FDL16,OUT013,
FDQ36,OUT018,
FDS34,OUT035,
FDN32,OUT045,
FDZ23,OUT045,
DRL49,OUT049,
FDG33,OUT035,
FDG04,OUT045,
FDR04,OUT045,
FDF52,OUT035,
FDT36,OUT010,
FDH17,OUT013,
NCL42,OUT017,
DRN35,OUT018,
FDL21,OUT019,
FDX07,OUT027,
FDW16,OUT046,
FDS11,OUT027,
NCZ54,OUT018,
FDH32,OUT035,
NCQ17,OUT027,
FDK38,OUT035,
NCF55,OUT013,
FDW39,OUT018,
FDX36,OUT019,
FDD47,OUT045,
FDQ46,OUT013,
FDE56,OUT027,
FDY39,OUT019,
FDG05,OUT046,
NCR54,OUT019,
FDX57,OUT018,
FDC17,OUT027,
DRL60,OUT019,
FDO32,OUT013,
NCO29,OUT013,
FDJ36,OUT027,
NCF54,OUT045,
FDV04,OUT035,
NCK30,OUT010,
FDX09,OUT019,
FDH53,OUT013,
FDT22,OUT045,
DRF25,OUT019,
FDG56,OUT045,
FDG38,OUT027,
FDS34,OUT045,
FDP44,OUT049,
FDW03,OUT013,
FDU25,OUT018,
NCR17,OUT045,
FDY39,OUT018,
FDA03,OUT049,
FDG58,OUT046,
NCB19,OUT017,
FDI07,OUT049,
NCS06,OUT035,
FDX03,OUT010,
NCK29,OUT046,
FDH16,OUT013,
FDA55,OUT027,
FDS20,OUT049,
FDS31,OUT046,
FDA23,OUT027,
NCU18,OUT035,
FDE11,OUT013,
FDE44,OUT045,
FDV51,OUT046,
FDK51,OUT017,
FDR36,OUT045,
FDU40,OUT046,
FDU37,OUT027,
FDV47,OUT013,
FDF04,OUT019,
FDX16,OUT035,
NCL05,OUT013,
NCL30,OUT027,
NCR06,OUT046,
FDX03,OUT045,
FDR32,OUT046,
FDX04,OUT035,
DRH01,OUT017,
FDO57,OUT045,
FDD11,OUT027,
DRM47,OUT010,
NCC54,OUT035,
FDC45,OUT049,
FDW46,OUT019,
FDP40,OUT013,
FDM08,OUT010,
FDV52,OUT049,
DRB24,OUT045,
NCC54,OUT010,
FDV38,OUT019,
FDB36,OUT045,
DRH51,OUT019,
FDV45,OUT027,
NCL29,OUT027,
FDU14,OUT010,
FDH17,OUT035,
FDQ15,OUT035,
FDZ44,OUT017,
FDM32,OUT018,
NCP29,OUT035,
FDG53,OUT017,
FDT25,OUT018,
FDM39,OUT027,
FDW35,OUT045,
FDD10,OUT010,
FDH08,OUT027,
DRG37,OUT018,
FDU01,OUT017,
NCZ17,OUT018,
FDU34,OUT027,
FDB16,OUT035,
FDG10,OUT010,
FDH46,OUT013,
FDC16,OUT027,
FDH50,OUT035,
NCZ18,OUT046,
FDJ32,OUT046,
DRI23,OUT035,
DRD01,OUT049,
FDY02,OUT045,
FDG38,OUT049,
NCG30,OUT049,
FDO31,OUT018,
NCU42,OUT045,
NCG30,OUT045,
NCA30,OUT046,
FDF29,OUT013,
FDI14,OUT049,
FDY57,OUT049,
FDT27,OUT027,
FDM46,OUT027,
NCD30,OUT027,
FDJ15,OUT027,
NCW05,OUT045,
FDT13,OUT010,
NCP06,OUT010,
FDP03,OUT045,
NCM30,OUT019,
FDK20,OUT013,
FDX01,OUT049,
FDV57,OUT017,
FDY34,OUT045,
FDP37,OUT019,
FDP22,OUT035,
FDS25,OUT046,
NCY18,OUT018,
FDO08,OUT013,
NCI43,OUT027,
FDH16,OUT046,
NCZ05,OUT019,
DRE49,OUT045,
FDO09,OUT027,
FDA08,OUT013,
NCD55,OUT017,
NCR50,OUT013,
NCC06,OUT049,
FDC34,OUT013,
FDQ49,OUT019,
FDS60,OUT013,
FDP10,OUT013,
FDW46,OUT035,
FDG53,OUT010,
FDP57,OUT035,
NCP43,OUT019,
FDW49,OUT017,
FDA28,OUT010,
NCS42,OUT035,
FDP21,OUT027,
DRJ39,OUT046,
FDH12,OUT017,
FDQ13,OUT049,
NCQ06,OUT018,
FDL40,OUT027,
NCE54,OUT018,
FDL58,OUT010,
FDW38,OUT018,
FDD17,OUT013,
FDK25,OUT049,
FDR22,OUT027,
FDU35,OUT045,
FDR35,OUT045,
NCZ18,OUT018,
FDF22,OUT010,
FDD17,OUT045,
DRD37,OUT046,
FDC08,OUT046,
FDU57,OUT046,
FDZ58,OUT049,
FDY01,OUT035,
FDG09,OUT018,
NCE54,OUT046,
FDB34,OUT045,
FDT24,OUT046,
FDZ08,OUT013,
NCI54,OUT049,
FDU34,OUT049,
FDP23,OUT013,
NCV29,OUT019,
FDG10,OUT027,
FDZ56,OUT019,
NCL41,OUT035,
FDM39,OUT013,
NCZ54,OUT049,
FDT59,OUT049,
FDV20,OUT018,
NCE43,OUT017,
FDP15,OUT027,
FDO16,OUT018,
NCP41,OUT019,
DRD01,OUT045,
FDM56,OUT017,
FDS22,OUT045,
FDX20,OUT049,
FDE34,OUT017,
FDV50,OUT046,
NCU17,OUT017,
NCP53,OUT027,
FDW09,OUT010,
FDW55,OUT046,
NCE31,OUT027,
FDO49,OUT046,
FDH34,OUT019,
FDJ38,OUT013,
FDG32,OUT046,
DRQ35,OUT017,
FDK25,OUT019,
FDD58,OUT018,
FDB15,OUT035,
DRF60,OUT018,
FDH04,OUT019,
FDM04,OUT049,
FDO58,OUT049,
FDQ24,OUT017,
DRP35,OUT045,
DRI47,OUT013,
FDF35,OUT013,
FDP31,OUT046,
FDQ52,OUT018,
FDM12,OUT035,
NCS42,OUT046,
FDO31,OUT017,
FDU19,OUT046,
NCE19,OUT027,
FDR16,OUT035,
FDF56,OUT045,
DRJ59,OUT010,
FDH16,OUT027,
FDI28,OUT049,
FDC58,OUT027,
FDU13,OUT046,
FDX58,OUT046,
FDU16,OUT045,
FDX35,OUT045,
FDL21,OUT046,
DRM37,OUT013,
FDR35,OUT049,
FDW32,OUT010,
FDY34,OUT027,
FDQ44,OUT013,
DRD24,OUT049,
DRE12,OUT045,
NCX29,OUT013,
FDS07,OUT018,
FDI27,OUT027,
FDL02,OUT013,
FDN58,OUT018,
DRK12,OUT045,
FDC60,OUT046,
FDV45,OUT049,
FDB23,OUT045,
NCA29,OUT046,
FDO20,OUT018,
NCH55,OUT019,
FDO32,OUT045,
FDS59,OUT019,
FDR59,OUT013,
FDS55,OUT045,
FDT21,OUT035,
NCR38,OUT046,
FDJ22,OUT045,
FDB57,OUT017,
FDR52,OUT013,
NCO41,OUT046,
FDG47,OUT010,
FDB44,OUT017,
FDY14,OUT046,
NCN55,OUT017,
FDV48,OUT018,
FDA21,OUT035,
FDZ27,OUT049,
FDW58,OUT013,
FDH45,OUT049,
FDH38,OUT019,
FDL43,OUT046,
FDD38,OUT027,
FDV02,OUT049,
NCF31,OUT046,
NCN05,OUT018,
FDZ16,OUT013,
NCT18,OUT027,
NCP50,OUT035,
FDW13,OUT019,
NCS53,OUT017,
DRG03,OUT046,
DRE60,OUT017,
FDK21,OUT045,
FDF52,OUT019,
NCN43,OUT019,
FDW13,OUT046,
FDW14,OUT035,
FDG24,OUT046,
FDR19,OUT045,
NCG06,OUT027,
FDK10,OUT035,
DRK12,OUT017,
FDY55,OUT045,
FDV04,OUT027,
FDE23,OUT046,
FDI08,OUT018,
DRA12,OUT010,
FDF22,OUT018,
FDQ57,OUT049,
FDP07,OUT046,
DRE37,OUT035,
DRF25,OUT013,
DRF03,OUT013,
FDN51,OUT035,
FDD21,OUT018,
NCY42,OUT046,
FDH28,OUT027,
NCZ29,OUT010,
FDN60,OUT046,
NCW06,OUT018,
NCS30,OUT018,
FDW26,OUT010,
FDQ01,OUT049,
FDH27,OUT019,
NCX41,OUT018,
FDH58,OUT049,
DRB25,OUT010,
FDG45,OUT045,
FDP11,OUT046,
FDV19,OUT046,
FDT32,OUT046,
NCU53,OUT035,
NCA30,OUT035,
FDH20,OUT017,
DRD25,OUT046,
FDK25,OUT035,
FDF02,OUT049,
FDC04,OUT049,
FDH21,OUT013,
DRG03,OUT018,
NCY06,OUT017,
FDM08,OUT045,
NCD31,OUT049,
FDU09,OUT027,
FDB49,OUT018,
FDQ58,OUT045,
FDJ58,OUT017,
NCN30,OUT027,
FDA52,OUT049,
NCN42,OUT027,
FDF04,OUT046,
FDY15,OUT018,
FDT03,OUT027,
DRL59,OUT019,
FDW08,OUT018,
FDO50,OUT013,
FDP26,OUT018,
FDX01,OUT010,
FDU22,OUT017,
FDQ08,OUT035,
NCN54,OUT035,
FDR01,OUT027,
FDB53,OUT027,
DRN47,OUT035,
FDR39,OUT046,
NCL30,OUT046,
FDT02,OUT018,
FDT25,OUT049,
FDH53,OUT017,
DRB48,OUT017,
FDX16,OUT010,
FDH48,OUT045,
FDF20,OUT013,
FDJ03,OUT010,
DRJ35,OUT017,
NCN17,OUT013,
FDN09,OUT035,
NCR30,OUT013,
FDW23,OUT049,
DRN35,OUT010,
FDL08,OUT045,
DRL35,OUT017,
NCS42,OUT049,
NCY29,OUT027,
FDO32,OUT018,
NCU17,OUT035,
FDY03,OUT027,
NCI30,OUT019,
FDI04,OUT027,
FDC35,OUT013,
FDN38,OUT046,
FDJ48,OUT046,
FDH57,OUT035,
FDI40,OUT046,
FDF50,OUT027,
FDA07,OUT013,
FDZ60,OUT018,
FDW38,OUT017,
NCF55,OUT046,
FDR37,OUT046,
FDZ33,OUT049,
FDV01,OUT045,
FDI02,OUT018,
DRH25,OUT013,
NCY29,OUT018,
FDR04,OUT027,
FDR44,OUT045,
FDJ41,OUT017,
FDL43,OUT027,
FDB21,OUT017,
NCU42,OUT018,
FDY21,OUT013,
FDK58,OUT046,
DRD13,OUT049,
FDU35,OUT046,
FDX23,OUT010,
FDQ39,OUT045,
FDR31,OUT027,
FDS28,OUT035,
DRN36,OUT045,
FDX60,OUT027,
NCB54,OUT017,
FDC15,OUT018,
NCP17,OUT027,
FDY39,OUT049,
FDH33,OUT049,
FDG09,OUT027,
FDO10,OUT027,
FDD39,OUT027,
FDJ09,OUT045,
DRQ35,OUT049,
FDV38,OUT049,
FDJ60,OUT013,
FDJ15,OUT017,
FDR08,OUT049,
FDZ55,OUT046,
FDL10,OUT045,
FDJ34,OUT027,
FDW60,OUT027,
FDK08,OUT046,
NCE42,OUT035,
FDR39,OUT017,
NCN17,OUT018,
NCR05,OUT045,
FDV48,OUT027,
DRF27,OUT018,
NCF07,OUT049,
FDF40,OUT035,
FDO28,OUT049,
FDB23,OUT018,
FDV48,OUT049,
FDM45,OUT046,
FDC16,OUT045,
DRE25,OUT027,
FDY35,OUT049,
FDR22,OUT045,
FDZ10,OUT049,
FDY15,OUT019,
DRA24,OUT013,
FDV37,OUT045,
FDO10,OUT035,
FDR59,OUT027,
FDR34,OUT018,
FDG16,OUT017,
FDO03,OUT027,
FDC09,OUT049,
FDJ52,OUT035,
FDL33,OUT010,
FDJ53,OUT017,
FDX08,OUT019,
FDK32,OUT045,
FDM20,OUT017,
NCJ42,OUT017,
FDI50,OUT018,
FDZ15,OUT035,
NCK18,OUT045,
FDW33,OUT017,
NCT05,OUT018,
FDZ16,OUT019,
NCV17,OUT046,
FDE34,OUT018,
FDH44,OUT045,
NCK06,OUT045,
FDS46,OUT049,
NCO42,OUT018,
FDL13,OUT049,
FDK14,OUT017,
FDX13,OUT045,
DRI47,OUT018,
FDG22,OUT017,
FDA13,OUT049,
FDE46,OUT046,
FDX25,OUT017,
FDC58,OUT017,
NCA42,OUT017,
FDV01,OUT049,
FDU24,OUT046,
FDO51,OUT018,
NCN14,OUT010,
FDT37,OUT019,
FDY09,OUT010,
NCG06,OUT013,
FDG40,OUT010,
FDQ47,OUT035,
DRH59,OUT010,
FDH48,OUT017,
FDE34,OUT035,
NCM05,OUT049,
FDU55,OUT049,
FDS60,OUT035,
FDZ32,OUT013,
FDP12,OUT045,
NCL31,OUT027,
FDR32,OUT019,
FDL08,OUT027,
FDY34,OUT049,
DRG23,OUT018,
FDD04,OUT013,
FDX37,OUT017,
FDM09,OUT018,
FDA52,OUT013,
NCV41,OUT018,
FDB20,OUT035,
FDD28,OUT017,
FDI38,OUT010,
FDA28,OUT035,
FDB32,OUT027,
NCS54,OUT035,
NCA17,OUT017,
FDR14,OUT013,
FDS58,OUT049,
FDU08,OUT018,
FDI60,OUT010,
FDU40,OUT018,
FDX46,OUT027,
FDG41,OUT017,
FDD14,OUT019,
FDX45,OUT027,
NCN30,OUT035,
DRH13,OUT046,
NCP30,OUT017,
FDT52,OUT046,
FDS36,OUT017,
FDB03,OUT018,
FDO09,OUT046,
FDD28,OUT027,
FDF08,OUT045,
FDB49,OUT010,
FDB08,OUT035,
NCP06,OUT049,
FDH28,OUT045,
FDU20,OUT019,
DRB25,OUT017,
NCM30,OUT017,
FDU57,OUT010,
FDF56,OUT019,
NCT30,OUT035,
FDX15,OUT018,
FDX58,OUT017,
FDQ08,OUT010,
DRL23,OUT013,
FDA25,OUT035,
FDV09,OUT049,
FDQ46,OUT018,
FDH41,OUT027,
FDY20,OUT017,
FDO37,OUT035,
FDZ55,OUT045,
FDS32,OUT027,
FDV50,OUT049,
NCV30,OUT045,
FDP16,OUT018,
FDW39,OUT046,
FDN39,OUT013,
FDV55,OUT049,
FDZ20,OUT035,
FDK02,OUT049,
FDK10,OUT018,
NCQ41,OUT018,
FDA11,OUT017,
FDN13,OUT045,
NCA42,OUT010,
NCX30,OUT013,
FDL10,OUT027,
FDQ33,OUT049,
NCE42,OUT046,
FDH58,OUT018,
FDF33,OUT045,
DRK49,OUT035,
NCK19,OUT046,
FDT24,OUT027,
FDI57,OUT018,
NCQ06,OUT027,
FDB16,OUT013,
FDB57,OUT046,
DRD13,OUT018,
FDC41,OUT013,
FDW59,OUT013,
FDO49,OUT049,
FDO08,OUT010,
NCV06,OUT019,
NCY06,OUT046,
FDL03,OUT018,
NCL31,OUT049,
FDU46,OUT017,
FDF04,OUT017,
FDX31,OUT019,
FDI24,OUT035,
FDY28,OUT019,
DRN11,OUT017,
FDB10,OUT049,
FDI60,OUT046,
FDN15,OUT027,
NCE18,OUT035,
NCE43,OUT027,
NCN53,OUT018,
NCX41,OUT019,
FDO52,OUT013,
FDW45,OUT013,
FDN45,OUT027,
FDD38,OUT017,
FDK27,OUT019,
FDG40,OUT046,
FDA34,OUT049,
FDX48,OUT017,
FDY37,OUT027,
DRE48,OUT018,
FDT58,OUT049,
FDA19,OUT010,
FDG52,OUT035,
FDA32,OUT019,
NCM19,OUT045,
NCF42,OUT045,
FDV23,OUT035,
DRA59,OUT010,
FDA01,OUT027,
FDX44,OUT027,
FDW25,OUT035,
NCM05,OUT019,
NCJ54,OUT035,
NCK07,OUT018,
NCX05,OUT017,
FDV39,OUT046,
FDI19,OUT045,
FDT12,OUT046,
FDF12,OUT013,
NCQ54,OUT027,
FDU10,OUT013,
NCK53,OUT018,
FDB51,OUT046,
FDT10,OUT017,
NCU53,OUT013,
FDJ40,OUT013,
NCQ05,OUT019,
FDV15,OUT046,
FDD41,OUT049,
FDT20,OUT045,
FDM44,OUT013,
FDG21,OUT045,
DRZ11,OUT045,
FDC59,OUT018,
NCD43,OUT045,
DRL49,OUT010,
NCE07,OUT010,
FDM02,OUT017,
DRJ49,OUT017,
FDY25,OUT018,
DRH39,OUT019,
FDB09,OUT019,
FDM38,OUT046,
FDY22,OUT035,
FDP48,OUT017,
NCT05,OUT013,
NCS06,OUT046,
FDD47,OUT049,
FDZ49,OUT045,
FDW59,OUT035,
DRO47,OUT049,
FDR46,OUT045,
FDY59,OUT013,
NCU05,OUT045,
DRJ25,OUT018,
FDU28,OUT046,
FDL50,OUT049,
FDA43,OUT018,
FDD08,OUT027,
FDJ57,OUT018,
FDC39,OUT035,
FDQ58,OUT035,
FDA22,OUT035,
FDP39,OUT049,
FDV44,OUT035,
FDE04,OUT035,
NCO30,OUT013,
FDA44,OUT045,
FDI16,OUT010,
FDM15,OUT035,
DRJ13,OUT035,
FDT48,OUT027,
FDH33,OUT046,
FDE14,OUT035,
FDE26,OUT013,
FDN08,OUT018,
NCO29,OUT018,
FDK60,OUT049,
FDX40,OUT019,
FDX15,OUT049,
FDO28,OUT027,
NCL05,OUT018,
FDT04,OUT045,
FDS26,OUT017,
FDV50,OUT018,
FDG02,OUT019,
FDC28,OUT046,
FDK21,OUT049,
NCO42,OUT017,
FDB46,OUT045,
NCH54,OUT019,
FDL26,OUT017,
NCQ30,OUT045,
FDY50,OUT035,
FDX20,OUT019,
FDQ34,OUT035,
FDN39,OUT035,
FDB17,OUT046,
FDQ31,OUT013,
FDG59,OUT027,
FDO56,OUT045,
FDX11,OUT045,
FDJ32,OUT013,
FDV31,OUT049,
FDB20,OUT045,
FDQ45,OUT019,
FDW27,OUT049,
NCT53,OUT017,
NCS41,OUT027,
DRI47,OUT010,
NCJ42,OUT045,
NCS17,OUT049,
NCO41,OUT045,
FDC05,OUT017,
FDX34,OUT035,
FDL10,OUT049,
FDQ58,OUT019,
FDT56,OUT045,
FDZ28,OUT018,
DRI11,OUT045,
DRJ49,OUT013,
DRK37,OUT027,
FDR20,OUT010,
DRG13,OUT027,
NCN14,OUT027,
FDV13,OUT018,
FDU44,OUT019,
FDO03,OUT018,
FDT34,OUT046,
FDP21,OUT017,
NCI54,OUT017,
FDE22,OUT035,
FDJ57,OUT017,
FDT08,OUT035,
NCP54,OUT018,
NCK53,OUT035,
NCQ42,OUT017,
FDW21,OUT017,
NCH43,OUT045,
FDQ44,OUT035,
NCN18,OUT027,
FDB46,OUT018,
DRF37,OUT018,
FDN28,OUT035,
FDW31,OUT045,
FDG45,OUT010,
FDN58,OUT035,
FDF05,OUT018,
FDR26,OUT013,
FDH31,OUT035,
FDA01,OUT045,
FDH24,OUT018,
NCJ19,OUT018,
FDF53,OUT046,
FDF22,OUT013,
FDS36,OUT045,
NCJ29,OUT035,
FDN46,OUT018,
DRG01,OUT046,
